{"cameraMode":{"drawMode":0,"name":"Shaded","section":"Shading Mode"},"sceneLighting":true,"audioPlay":false,"sceneViewState":{"showFog":true,"showMaterialUpdate":false,"showSkybox":true,"showFlares":true,"showImageEffects":true,"showParticleSystems":true},"in2DMode":false,"pivot":{"x":5.380419731140137,"y":6.279498100280762,"z":3.201470375061035},"rotation":{"x":0.11673307418823242,"y":-0.002381057245656848,"z":0.0002799341455101967,"w":0.9931612014770508},"size":4.317402362823486,"orthographic":true}