{"cameraMode":{"drawMode":0,"name":"Shaded","section":"Shading Mode"},"sceneLighting":true,"audioPlay":false,"sceneViewState":{"showFog":true,"showMaterialUpdate":false,"showSkybox":true,"showFlares":true,"showImageEffects":true,"showParticleSystems":true},"in2DMode":false,"pivot":{"x":4.998462677001953,"y":6.4680986404418949,"z":-1.7088896036148072},"rotation":{"x":0.01750621385872364,"y":0.9593876004219055,"z":-0.06110871955752373,"w":0.2748388946056366},"size":10.449999809265137,"orthographic":false}